<!--
$Id: ivy-bda-settings.xml 1729 2009-05-28 17:59:23Z saksass $
$HeadURL: https://gforge.nci.nih.gov/svnroot/automation/trunk/software/bda-build-template/software/common/bda-download/ivy-bda-settings.xml $

This file is the is the settings file used by IVY.  It is a good starting point for most projects to use IVY.  It has two resolvers, the ncicb-ivy-repo resolver points to the NCICB Ivy Repository.  The other resolver is to a local filesystem repository where temporary artifacts can be published as part of a project or where you can test out your ivy definitions before they are added to official NCICB Ivy Repository.  There are notes below for sepcial configuraitons.
-->

<ivysettings>
    <property name="ivy-bda.local.repo" value="${software.dir}/build-pa/ivy-repo" />
    <property name="ivy.resolve.default.type.filter" value="jar,xsd,zip,xml" />

	<settings defaultResolver="ncicb-chain" />
	<!-- defaultCacheDir causes the bda-utils module to use it's own cache directory -->
	<!-- useOrigin causes avoiding the copy of local artifacts to the cache and use directly their original location -->
	<caches defaultCacheDir="${user.home}/.ivy2-${ant.project.name}" useOrigin="true"/>
	<resolvers>
        <chain name="ncicb-chain" checkmodified="true">
            <filesystem name="ivy-bda.repo1" local="true">
                <artifact pattern="${ivy-bda.local.repo}/[organisation]/[module]/[revision]/[artifact]-[revision].[ext]" />
                <ivy pattern="${ivy-bda.local.repo}/[organisation]/[module]/[revision]/ivy.xml"/>
            </filesystem>
            <filesystem name="ivy-bda.repo2" local="true">
                <ivy pattern="${ivy-bda.local.repo}/[organisation]/[module]/ivy-[revision].xml" />
                <artifact pattern="${ivy-bda.local.repo}/[organisation]/[module]/[revision]/[artifact]-[revision].[ext]" />
            </filesystem>
            <ibiblio name="central" m2compatible="true" root="https://ncimvn.nci.nih.gov/nexus/content/groups/public" />
        </chain>
    </resolvers>
</ivysettings>
