<?xml version="1.0" encoding="UTF-8"?>  
<module xmlns="urn:jboss:module:1.0" name="org.cagrid">  
<resources>  
<resource-root path="axis-1.2RC2.jar"/>
<resource-root path="axis-wsdl4j-1.2.jar"/>
<resource-root path="bcprov-jdk15-135.jar"/>
<resource-root path="c3p0-0.9.1.jar"/>
<resource-root path="caGrid-authentication-service-client-1.4.jar"/>
<resource-root path="caGrid-authentication-service-common-1.4.jar"/>
<resource-root path="caGrid-authentication-service-stubs-1.4.jar"/>
<resource-root path="caGrid-core-1.3.jar"/>
<resource-root path="cagrid-dorian-client-1.3.jar"/>
<resource-root path="cagrid-dorian-common-1.3.jar"/>
<resource-root path="cagrid-dorian-service-1.3.jar"/>
<resource-root path="cagrid-dorian-stubs-1.3.jar"/>
<resource-root path="caGrid-gaards-core-1.3.jar"/>
<resource-root path="caGrid-gts-client-1.3.jar"/>
<resource-root path="caGrid-gts-common-1.3.jar"/>
<resource-root path="caGrid-gts-stubs-1.3.jar"/>
<resource-root path="cagrid-metadata-common-1.3nci.jar"/>
<resource-root path="cagrid-metadata-security-1.3nci.jar"/>
<resource-root path="caGrid-opensaml-1.3.jar"/>
<resource-root path="caGrid-ServiceSecurityProvider-client-1.4.jar"/>
<resource-root path="caGrid-ServiceSecurityProvider-common-1.4.jar"/>
<resource-root path="caGrid-ServiceSecurityProvider-service-1.4.jar"/>
<resource-root path="caGrid-ServiceSecurityProvider-stubs-1.4.jar"/>
<resource-root path="caGrid-syncgts-client-1.3.jar"/>
<resource-root path="caGrid-syncgts-common-1.3.jar"/>
<resource-root path="caGrid-syncgts-stubs-1.3.jar"/>
<resource-root path="cglib.jar"/>
<resource-root path="clm-3.2.jar"/>
<resource-root path="cog-axis-1.0nci.jar"/>
<resource-root path="cog-jglobus-syncgts-patched-4.0.3.jar"/>
<resource-root path="concurrent-1.3.4.jar"/>
<resource-root path="cryptix-asn1-4.0.3.jar"/>
<resource-root path="cryptix32-4.0.3.jar"/>
<resource-root path="csm-client-1.3.jar"/>
<resource-root path="csm-common-1.3.jar"/>
<resource-root path="csm-service-1.3.jar"/>
<resource-root path="csm-stubs-1.3.jar"/>
<resource-root path="csmapi-4.2.jar"/>
<resource-root path="gridgrouper-1.3nci.jar"/>
<resource-root path="gridgrouper-client-1.3.jar"/>
<resource-root path="gridgrouper-common-1.3.jar"/>
<resource-root path="gridgrouper-stubs-1.3.jar"/>
<resource-root path="jcog-1.2.jar"/>
<resource-root path="mobius_common_client-1.1.jar"/>
<resource-root path="puretls-4.0.3.jar"/>
<resource-root path="subject-2.0.0.jar"/>
<resource-root path="ws-addressing-1.0.jar"/>
<resource-root path="ws-core-client-4.0.3.jar"/>
<resource-root path="wsrf_core-4.0.3.jar"/>
<resource-root path="wss4j-1.0nci.jar"/>
<resource-root path="xmlsec-1.2.1.jar"/>
<resource-root path="hibernate-3.2.0.ga.jar"/>
<resource-root path="hibernate-annotations-3.2.0.ga.jar"/>
<resource-root path="hibernate-commons-annotations-3.3.0.ga.jar"/>
<resource-root path="hibernate-validator-3.0.0.GA.jar"/>
<resource-root path="commons-discovery-0.5.jar"/>
<resource-root path="xalan-2.6.0.jar"/>
<resource-root path="javassist-3.10.0.GA.jar"/>
</resources>  
<dependencies>  
	<module name="javax.api" />
	<module name="javax.persistence.api" />
	<module name="javax.transaction.api" />
	<module name="javax.validation.api" />
	<module name="javax.wsdl4j.api"/>
	<module name="javax.xml.rpc.api"/>
	<module name="org.apache.commons.logging"/>
	<module name="org.slf4j"/>
	<module name="org.dom4j"/>
	<module name="org.apache.commons.collections"/>
	<module name="org.apache.log4j"/>
	<module name="org.postgresql" export="TRUE" />
	<module name="javax.transaction.api" />
	<module name="org.antlr" />
	<module name="javax.mail.api" />
	<module name="org.apache.commons.lang" />
    <module name="sun.jdk" />
</dependencies>  
</module>